0,1,contacts
1,0,24
2,0,8
3,0,6
4,0,0
5,0,0
6,0,0
7,0,0
8,0,0
9,0,0
10,0,0
11,0,0
12,0,0
13,0,0
14,0,0
15,0,0
16,0,0
17,0,0
18,0,24
19,0,12
20,0,0
21,0,16
22,0,0
23,0,0
24,0,1095
25,0,2
26,0,41512
27,0,32
28,0,377
29,0,4
30,0,132
31,0,0
32,0,4
33,0,0
34,0,102
35,0,146
36,0,11967
37,0,33101
38,0,108
39,0,76
40,0,28
41,0,142
42,0,2129
43,0,24
44,0,199
45,0,76
46,0,41960
47,0,156
48,0,2288
49,0,88
50,0,8
51,0,54
52,0,198
53,0,1165
54,0,34679
55,0,43119
56,0,41876
57,0,1405
58,0,0
59,0,42416
60,0,1073
61,0,28
62,0,0
63,0,2
64,0,0
65,0,0
66,0,0
67,0,0
68,0,0
69,0,0
70,0,0
71,0,32
72,0,0
73,0,0
74,0,0
75,0,0
76,0,1475
77,0,4
78,0,42
79,0,294
80,0,306
81,0,1204
82,0,31688
83,0,208
84,0,90
85,0,240
86,0,208
87,0,3792
88,0,364
89,0,334
90,0,1923
91,0,3202
92,0,136
93,0,12
94,0,12
95,0,42
96,0,10
97,0,2583
98,0,0
99,0,39871
100,0,28
101,0,10
102,0,22
103,0,0
104,0,0
105,0,6
106,0,0
107,0,4
